[{"model": "admin.logentry", "pk": 1, "fields": {"action_time": "2022-12-05T10:05:16.446Z", "user": 1, "content_type": 7, "object_id": "1", "object_repr": "Животные", "action_flag": 1, "change_message": "[{\"added\": {}}]"}}, {"model": "admin.logentry", "pk": 2, "fields": {"action_time": "2022-12-05T10:05:24.034Z", "user": 1, "content_type": 7, "object_id": "2", "object_repr": "Растения", "action_flag": 1, "change_message": "[{\"added\": {}}]"}}, {"model": "admin.logentry", "pk": 3, "fields": {"action_time": "2022-12-05T10:05:39.190Z", "user": 1, "content_type": 9, "object_id": "1", "object_repr": "Простой тест про животных для детей", "action_flag": 1, "change_message": "[{\"added\": {}}]"}}, {"model": "admin.logentry", "pk": 4, "fields": {"action_time": "2022-12-05T10:06:14.014Z", "user": 1, "content_type": 8, "object_id": "1", "object_repr": "Летом серым, зимой белый", "action_flag": 1, "change_message": "[{\"added\": {}}, {\"added\": {\"name\": \"answer\", \"object\": \"\\u0417\\u0430\\u044f\\u0446\"}}, {\"added\": {\"name\": \"answer\", \"object\": \"\\u041b\\u0438\\u0441\\u0430\"}}, {\"added\": {\"name\": \"answer\", \"object\": \"\\u0412\\u043e\\u043b\\u043a\"}}]"}}, {"model": "admin.logentry", "pk": 5, "fields": {"action_time": "2022-12-05T10:06:53.566Z", "user": 1, "content_type": 8, "object_id": "2", "object_repr": "Кого зовут Потапыч?", "action_flag": 1, "change_message": "[{\"added\": {}}, {\"added\": {\"name\": \"answer\", \"object\": \"\\u0417\\u0430\\u044f\\u0446\"}}, {\"added\": {\"name\": \"answer\", \"object\": \"\\u041b\\u0438\\u0441\\u0430\"}}, {\"added\": {\"name\": \"answer\", \"object\": \"\\u041c\\u0435\\u0434\\u0432\\u0435\\u0434\\u044c\"}}]"}}, {"model": "admin.logentry", "pk": 6, "fields": {"action_time": "2022-12-05T10:07:29.804Z", "user": 1, "content_type": 8, "object_id": "3", "object_repr": "Кто рыбу ловил и хвост отморозил?", "action_flag": 1, "change_message": "[{\"added\": {}}, {\"added\": {\"name\": \"answer\", \"object\": \"\\u0417\\u0430\\u044f\\u0446\"}}, {\"added\": {\"name\": \"answer\", \"object\": \"\\u041b\\u0438\\u0441\\u0430\"}}, {\"added\": {\"name\": \"answer\", \"object\": \"\\u0412\\u043e\\u043b\\u043a\"}}, {\"added\": {\"name\": \"answer\", \"object\": \"\\u041c\\u0435\\u0434\\u0432\\u0435\\u0434\\u044c\"}}]"}}, {"model": "admin.logentry", "pk": 7, "fields": {"action_time": "2022-12-05T10:07:37.981Z", "user": 1, "content_type": 8, "object_id": "1", "object_repr": "Летом серым, зимой белый?", "action_flag": 2, "change_message": "[{\"changed\": {\"fields\": [\"Question\"]}}]"}}, {"model": "admin.logentry", "pk": 8, "fields": {"action_time": "2022-12-05T12:04:11.278Z", "user": 1, "content_type": 8, "object_id": "4", "object_repr": "Кто съел Колобка?", "action_flag": 1, "change_message": "[{\"added\": {}}, {\"added\": {\"name\": \"answer\", \"object\": \"\\u0417\\u0430\\u044f\\u0446\"}}, {\"added\": {\"name\": \"answer\", \"object\": \"\\u041b\\u0438\\u0441\\u0430\"}}, {\"added\": {\"name\": \"answer\", \"object\": \"\\u0412\\u043e\\u043b\\u043a\"}}, {\"added\": {\"name\": \"answer\", \"object\": \"\\u041c\\u0435\\u0434\\u0432\\u0435\\u0434\\u044c\"}}]"}}, {"model": "admin.logentry", "pk": 9, "fields": {"action_time": "2022-12-05T12:05:10.482Z", "user": 1, "content_type": 9, "object_id": "2", "object_repr": "Тест про животных для подростков", "action_flag": 1, "change_message": "[{\"added\": {}}]"}}, {"model": "admin.logentry", "pk": 10, "fields": {"action_time": "2022-12-05T12:06:16.298Z", "user": 1, "content_type": 8, "object_id": "5", "object_repr": "Кто не является млекопитающим? Выберите все правильные варианты.", "action_flag": 1, "change_message": "[{\"added\": {}}, {\"added\": {\"name\": \"answer\", \"object\": \"\\u0411\\u0435\\u0433\\u0435\\u043c\\u043e\"}}, {\"added\": {\"name\": \"answer\", \"object\": \"\\u041a\\u0440\\u043e\\u043a\\u043e\\u0434\\u0438\\u043b\"}}, {\"added\": {\"name\": \"answer\", \"object\": \"\\u041a\\u043e\\u0431\\u0440\\u0430\"}}, {\"added\": {\"name\": \"answer\", \"object\": \"\\u0422\\u044e\\u043b\\u0435\\u043d\\u044c\"}}]"}}, {"model": "admin.logentry", "pk": 11, "fields": {"action_time": "2022-12-05T12:07:22.521Z", "user": 1, "content_type": 8, "object_id": "6", "object_repr": "Самое большое животное на земле?", "action_flag": 1, "change_message": "[{\"added\": {}}, {\"added\": {\"name\": \"answer\", \"object\": \"\\u0421\\u043b\\u043e\\u043d\"}}, {\"added\": {\"name\": \"answer\", \"object\": \"\\u041a\\u0438\\u0442\"}}, {\"added\": {\"name\": \"answer\", \"object\": \"\\u0411\\u0435\\u0433\\u0435\\u043c\\u043e\\u0442\"}}]"}}, {"model": "admin.logentry", "pk": 12, "fields": {"action_time": "2022-12-05T12:08:05.638Z", "user": 1, "content_type": 8, "object_id": "7", "object_repr": "Самое быстрое животное на земле?", "action_flag": 1, "change_message": "[{\"added\": {}}, {\"added\": {\"name\": \"answer\", \"object\": \"\\u041b\\u0435\\u043e\\u043f\\u0430\\u0440\\u0434\"}}, {\"added\": {\"name\": \"answer\", \"object\": \"\\u0413\\u0435\\u043f\\u0430\\u0440\\u0434\"}}, {\"added\": {\"name\": \"answer\", \"object\": \"\\u0422\\u0438\\u0433\\u0440\"}}]"}}, {"model": "admin.logentry", "pk": 13, "fields": {"action_time": "2022-12-05T12:08:43.714Z", "user": 1, "content_type": 8, "object_id": "8", "object_repr": "Самая большая змея?", "action_flag": 1, "change_message": "[{\"added\": {}}, {\"added\": {\"name\": \"answer\", \"object\": \"\\u041a\\u043e\\u0431\\u0440\\u0430\"}}, {\"added\": {\"name\": \"answer\", \"object\": \"\\u0413\\u0440\\u0435\\u043c\\u0443\\u0447\\u0430\\u044f \\u0437\\u043c\\u0435\\u044f\"}}, {\"added\": {\"name\": \"answer\", \"object\": \"\\u0410\\u043d\\u0430\\u043a\\u043e\\u043d\\u0434\\u0430\"}}]"}}, {"model": "admin.logentry", "pk": 14, "fields": {"action_time": "2022-12-05T12:09:33.920Z", "user": 1, "content_type": 8, "object_id": "9", "object_repr": "Самое умное животное по оценке ученых?", "action_flag": 1, "change_message": "[{\"added\": {}}, {\"added\": {\"name\": \"answer\", \"object\": \"\\u041a\\u043e\\u0448\\u043a\\u0430\"}}, {\"added\": {\"name\": \"answer\", \"object\": \"\\u0421\\u043e\\u0431\\u0430\\u043a\\u0430\"}}, {\"added\": {\"name\": \"answer\", \"object\": \"\\u041e\\u0431\\u0435\\u0437\\u044c\\u044f\\u043d\\u0430\"}}, {\"added\": {\"name\": \"answer\", \"object\": \"\\u0414\\u0435\\u043b\\u044c\\u0444\\u0438\\u043d\"}}]"}}, {"model": "admin.logentry", "pk": 15, "fields": {"action_time": "2022-12-05T12:10:11.644Z", "user": 1, "content_type": 9, "object_id": "3", "object_repr": "Простой тест про растения для детей", "action_flag": 1, "change_message": "[{\"added\": {}}]"}}, {"model": "admin.logentry", "pk": 16, "fields": {"action_time": "2022-12-05T12:10:54.226Z", "user": 1, "content_type": 8, "object_id": "10", "object_repr": "Зимой и летом одним цветом?", "action_flag": 1, "change_message": "[{\"added\": {}}, {\"added\": {\"name\": \"answer\", \"object\": \"\\u0415\\u043b\\u043a\\u0430\"}}, {\"added\": {\"name\": \"answer\", \"object\": \"\\u0411\\u0435\\u0440\\u0435\\u0437\\u0430\"}}, {\"added\": {\"name\": \"answer\", \"object\": \"\\u0414\\u0443\\u0431\"}}]"}}, {"model": "admin.logentry", "pk": 17, "fields": {"action_time": "2022-12-05T12:13:12.798Z", "user": 1, "content_type": 8, "object_id": "11", "object_repr": "Самые древние растения на земле?", "action_flag": 1, "change_message": "[{\"added\": {}}, {\"added\": {\"name\": \"answer\", \"object\": \"\\u041c\\u0445\\u0438\"}}, {\"added\": {\"name\": \"answer\", \"object\": \"\\u0412\\u043e\\u0434\\u043e\\u0440\\u043e\\u0441\\u043b\\u0438\"}}, {\"added\": {\"name\": \"answer\", \"object\": \"\\u041b\\u0438\\u0448\\u0430\\u0439\\u043d\\u0438\\u043a\\u0438\"}}]"}}, {"model": "admin.logentry", "pk": 18, "fields": {"action_time": "2022-12-05T12:14:35.625Z", "user": 1, "content_type": 8, "object_id": "12", "object_repr": "Одноклеточная зеленая водоросль с двумя жгутиками", "action_flag": 1, "change_message": "[{\"added\": {}}, {\"added\": {\"name\": \"answer\", \"object\": \"\\u0425\\u043b\\u0430\\u043c\\u0438\\u0434\\u043e\\u043c\\u043e\\u043d\\u0430\\u0434\\u0430\"}}, {\"added\": {\"name\": \"answer\", \"object\": \"\\u0425\\u043b\\u043e\\u0440\\u0435\\u043b\\u043b\\u0430\"}}, {\"added\": {\"name\": \"answer\", \"object\": \"\\u0426\\u0438\\u0430\\u043d\\u043e\\u0431\\u0430\\u043a\\u0442\\u0435\\u0440\\u0438\\u044f\"}}]"}}, {"model": "admin.logentry", "pk": 19, "fields": {"action_time": "2022-12-05T12:15:39.401Z", "user": 1, "content_type": 8, "object_id": "13", "object_repr": "Клетки-споры выполняющие функцию расселения при бесполом размножении хламидомонады.", "action_flag": 1, "change_message": "[{\"added\": {}}, {\"added\": {\"name\": \"answer\", \"object\": \"\\u0417\\u043e\\u043e\\u0448\\u0430\\u0440\\u0438\\u043a\"}}, {\"added\": {\"name\": \"answer\", \"object\": \"\\u0417\\u043e\\u043e\\u0441\\u0435\\u043c\\u044f\"}}, {\"added\": {\"name\": \"answer\", \"object\": \"\\u0417\\u043e\\u043e\\u0441\\u043f\\u043e\\u0440\\u0430\"}}]"}}, {"model": "admin.logentry", "pk": 20, "fields": {"action_time": "2022-12-05T12:16:53.421Z", "user": 1, "content_type": 8, "object_id": "14", "object_repr": "Группа живых организмов, произростающих на всех континентах у которых тело представлено слоевищем?", "action_flag": 1, "change_message": "[{\"added\": {}}, {\"added\": {\"name\": \"answer\", \"object\": \"\\u0412\\u043e\\u0434\\u043e\\u0440\\u043e\\u0441\\u043b\\u0438\"}}, {\"added\": {\"name\": \"answer\", \"object\": \"\\u041b\\u0438\\u0448\\u0430\\u0439\\u043d\\u0438\\u043a\\u0438\"}}, {\"added\": {\"name\": \"answer\", \"object\": \"\\u041c\\u0445\\u0438\"}}]"}}, {"model": "admin.logentry", "pk": 21, "fields": {"action_time": "2022-12-05T12:17:00.663Z", "user": 1, "content_type": 8, "object_id": "11", "object_repr": "Самые древние растения на земле?", "action_flag": 2, "change_message": "[{\"changed\": {\"fields\": [\"Number\"]}}]"}}, {"model": "admin.logentry", "pk": 22, "fields": {"action_time": "2022-12-05T12:17:24.985Z", "user": 1, "content_type": 9, "object_id": "3", "object_repr": "Тест по ботанике", "action_flag": 2, "change_message": "[{\"changed\": {\"fields\": [\"Name\"]}}]"}}, {"model": "admin.logentry", "pk": 23, "fields": {"action_time": "2022-12-05T12:18:21.573Z", "user": 1, "content_type": 8, "object_id": "8", "object_repr": "Самая большая змея?", "action_flag": 2, "change_message": "[{\"changed\": {\"fields\": [\"Number\"]}}]"}}, {"model": "admin.logentry", "pk": 24, "fields": {"action_time": "2022-12-05T12:18:50.957Z", "user": 1, "content_type": 8, "object_id": "5", "object_repr": "Кто не является млекопитающим? Выберите все правильные варианты.", "action_flag": 2, "change_message": "[{\"changed\": {\"name\": \"answer\", \"object\": \"\\u0411\\u0435\\u0433\\u0435\\u043c\\u043e\\u0442\", \"fields\": [\"Name\"]}}]"}}, {"model": "auth.permission", "pk": 1, "fields": {"name": "Can add log entry", "content_type": 1, "codename": "add_logentry"}}, {"model": "auth.permission", "pk": 2, "fields": {"name": "Can change log entry", "content_type": 1, "codename": "change_logentry"}}, {"model": "auth.permission", "pk": 3, "fields": {"name": "Can delete log entry", "content_type": 1, "codename": "delete_logentry"}}, {"model": "auth.permission", "pk": 4, "fields": {"name": "Can view log entry", "content_type": 1, "codename": "view_logentry"}}, {"model": "auth.permission", "pk": 5, "fields": {"name": "Can add permission", "content_type": 2, "codename": "add_permission"}}, {"model": "auth.permission", "pk": 6, "fields": {"name": "Can change permission", "content_type": 2, "codename": "change_permission"}}, {"model": "auth.permission", "pk": 7, "fields": {"name": "Can delete permission", "content_type": 2, "codename": "delete_permission"}}, {"model": "auth.permission", "pk": 8, "fields": {"name": "Can view permission", "content_type": 2, "codename": "view_permission"}}, {"model": "auth.permission", "pk": 9, "fields": {"name": "Can add group", "content_type": 3, "codename": "add_group"}}, {"model": "auth.permission", "pk": 10, "fields": {"name": "Can change group", "content_type": 3, "codename": "change_group"}}, {"model": "auth.permission", "pk": 11, "fields": {"name": "Can delete group", "content_type": 3, "codename": "delete_group"}}, {"model": "auth.permission", "pk": 12, "fields": {"name": "Can view group", "content_type": 3, "codename": "view_group"}}, {"model": "auth.permission", "pk": 13, "fields": {"name": "Can add user", "content_type": 4, "codename": "add_user"}}, {"model": "auth.permission", "pk": 14, "fields": {"name": "Can change user", "content_type": 4, "codename": "change_user"}}, {"model": "auth.permission", "pk": 15, "fields": {"name": "Can delete user", "content_type": 4, "codename": "delete_user"}}, {"model": "auth.permission", "pk": 16, "fields": {"name": "Can view user", "content_type": 4, "codename": "view_user"}}, {"model": "auth.permission", "pk": 17, "fields": {"name": "Can add content type", "content_type": 5, "codename": "add_contenttype"}}, {"model": "auth.permission", "pk": 18, "fields": {"name": "Can change content type", "content_type": 5, "codename": "change_contenttype"}}, {"model": "auth.permission", "pk": 19, "fields": {"name": "Can delete content type", "content_type": 5, "codename": "delete_contenttype"}}, {"model": "auth.permission", "pk": 20, "fields": {"name": "Can view content type", "content_type": 5, "codename": "view_contenttype"}}, {"model": "auth.permission", "pk": 21, "fields": {"name": "Can add session", "content_type": 6, "codename": "add_session"}}, {"model": "auth.permission", "pk": 22, "fields": {"name": "Can change session", "content_type": 6, "codename": "change_session"}}, {"model": "auth.permission", "pk": 23, "fields": {"name": "Can delete session", "content_type": 6, "codename": "delete_session"}}, {"model": "auth.permission", "pk": 24, "fields": {"name": "Can view session", "content_type": 6, "codename": "view_session"}}, {"model": "auth.permission", "pk": 25, "fields": {"name": "Can add group", "content_type": 7, "codename": "add_group"}}, {"model": "auth.permission", "pk": 26, "fields": {"name": "Can change group", "content_type": 7, "codename": "change_group"}}, {"model": "auth.permission", "pk": 27, "fields": {"name": "Can delete group", "content_type": 7, "codename": "delete_group"}}, {"model": "auth.permission", "pk": 28, "fields": {"name": "Can view group", "content_type": 7, "codename": "view_group"}}, {"model": "auth.permission", "pk": 29, "fields": {"name": "Can add question", "content_type": 8, "codename": "add_question"}}, {"model": "auth.permission", "pk": 30, "fields": {"name": "Can change question", "content_type": 8, "codename": "change_question"}}, {"model": "auth.permission", "pk": 31, "fields": {"name": "Can delete question", "content_type": 8, "codename": "delete_question"}}, {"model": "auth.permission", "pk": 32, "fields": {"name": "Can view question", "content_type": 8, "codename": "view_question"}}, {"model": "auth.permission", "pk": 33, "fields": {"name": "Can add test", "content_type": 9, "codename": "add_test"}}, {"model": "auth.permission", "pk": 34, "fields": {"name": "Can change test", "content_type": 9, "codename": "change_test"}}, {"model": "auth.permission", "pk": 35, "fields": {"name": "Can delete test", "content_type": 9, "codename": "delete_test"}}, {"model": "auth.permission", "pk": 36, "fields": {"name": "Can view test", "content_type": 9, "codename": "view_test"}}, {"model": "auth.permission", "pk": 37, "fields": {"name": "Can add result", "content_type": 10, "codename": "add_result"}}, {"model": "auth.permission", "pk": 38, "fields": {"name": "Can change result", "content_type": 10, "codename": "change_result"}}, {"model": "auth.permission", "pk": 39, "fields": {"name": "Can delete result", "content_type": 10, "codename": "delete_result"}}, {"model": "auth.permission", "pk": 40, "fields": {"name": "Can view result", "content_type": 10, "codename": "view_result"}}, {"model": "auth.permission", "pk": 41, "fields": {"name": "Can add answer", "content_type": 11, "codename": "add_answer"}}, {"model": "auth.permission", "pk": 42, "fields": {"name": "Can change answer", "content_type": 11, "codename": "change_answer"}}, {"model": "auth.permission", "pk": 43, "fields": {"name": "Can delete answer", "content_type": 11, "codename": "delete_answer"}}, {"model": "auth.permission", "pk": 44, "fields": {"name": "Can view answer", "content_type": 11, "codename": "view_answer"}}, {"model": "auth.user", "pk": 1, "fields": {"password": "pbkdf2_sha256$390000$oW3mWS42wK3QSOW9ZaqG2j$bg29sE7iBrim1JitDjNpjPxG0W7QcL9hlBHqqfwiDnM=", "last_login": "2022-12-05T11:00:38.231Z", "is_superuser": true, "username": "admin", "first_name": "", "last_name": "", "email": "admin@mail.ru", "is_staff": true, "is_active": true, "date_joined": "2022-12-05T10:04:54.141Z", "groups": [], "user_permissions": []}}, {"model": "auth.user", "pk": 2, "fields": {"password": "pbkdf2_sha256$390000$vYgD8p4nFnMvi6KApuuWhf$CYWjGUULqVGa7LZrMmKnsWOIkHM+lknuJweNSGryXXg=", "last_login": "2022-12-05T12:27:35.179Z", "is_superuser": false, "username": "akafer", "first_name": "", "last_name": "", "email": "", "is_staff": false, "is_active": true, "date_joined": "2022-12-05T12:21:21.104Z", "groups": [], "user_permissions": []}}, {"model": "contenttypes.contenttype", "pk": 1, "fields": {"app_label": "admin", "model": "logentry"}}, {"model": "contenttypes.contenttype", "pk": 2, "fields": {"app_label": "auth", "model": "permission"}}, {"model": "contenttypes.contenttype", "pk": 3, "fields": {"app_label": "auth", "model": "group"}}, {"model": "contenttypes.contenttype", "pk": 4, "fields": {"app_label": "auth", "model": "user"}}, {"model": "contenttypes.contenttype", "pk": 5, "fields": {"app_label": "contenttypes", "model": "contenttype"}}, {"model": "contenttypes.contenttype", "pk": 6, "fields": {"app_label": "sessions", "model": "session"}}, {"model": "contenttypes.contenttype", "pk": 7, "fields": {"app_label": "testing", "model": "group"}}, {"model": "contenttypes.contenttype", "pk": 8, "fields": {"app_label": "testing", "model": "question"}}, {"model": "contenttypes.contenttype", "pk": 9, "fields": {"app_label": "testing", "model": "test"}}, {"model": "contenttypes.contenttype", "pk": 10, "fields": {"app_label": "testing", "model": "result"}}, {"model": "contenttypes.contenttype", "pk": 11, "fields": {"app_label": "testing", "model": "answer"}}, {"model": "sessions.session", "pk": "aqww6cf6277ozwz8mod38g89z44u3x49", "fields": {"session_data": ".eJxVjDsOwjAQBe_iGlm2409MSZ8zWGvvLg6gRMqnQtwdR0oB7ZuZ9xYJ9q2mfaUljSiuwojL75ahPGk6AD5gus-yzNO2jFkeijzpKocZ6XU73b-DCmtttVaBI2uPJRdDkUPvnYYc-ugUW7SdbQDQsWkaclEqdpqKpuhDZiDx-QL73jkD:1p2AZL:lcsdVHwUl8Sq_eZfuVfKzfpIdx0WVCfpHgPs1Fg2SVg", "expire_date": "2022-12-19T12:27:35.185Z"}}, {"model": "sessions.session", "pk": "n7kd0xqzcjmuiyvsrbs1a4ifevy6vw9t", "fields": {"session_data": ".eJxVjDEOgzAQBP_iOrLMGR84ZXreYJ19RyCJbAlDFeXvAYkiabbYmd23CrStU9iqLGFmdVWNuvx2kdJT8gH4QfledCp5XeaoD0WftOqhsLxup_t3MFGd9nWX-h4JgBugsbHobRQyHrsRfOuMgAEQaa30kfdkgzaiJ-7AeXSC6vMFzYI3SQ:1p29DC:TP4hX3faxQtWlSsbnZZKeGA3ciNL1F44YryMH2ZnX0Y", "expire_date": "2022-12-19T11:00:38.231Z"}}, {"model": "testing.group", "pk": 1, "fields": {"name": "Животные"}}, {"model": "testing.group", "pk": 2, "fields": {"name": "Растения"}}, {"model": "testing.test", "pk": 1, "fields": {"name": "Простой тест про животных для детей", "group": 1}}, {"model": "testing.test", "pk": 2, "fields": {"name": "Тест про животных для подростков", "group": 1}}, {"model": "testing.test", "pk": 3, "fields": {"name": "Тест по ботанике", "group": 2}}, {"model": "testing.question", "pk": 1, "fields": {"question": "Летом серым, зимой белый?", "number": 1, "test": 1}}, {"model": "testing.question", "pk": 2, "fields": {"question": "Кого зовут Потапыч?", "number": 2, "test": 1}}, {"model": "testing.question", "pk": 3, "fields": {"question": "Кто рыбу ловил и хвост отморозил?", "number": 3, "test": 1}}, {"model": "testing.question", "pk": 4, "fields": {"question": "Кто съел Колобка?", "number": 4, "test": 1}}, {"model": "testing.question", "pk": 5, "fields": {"question": "Кто не является млекопитающим? Выберите все правильные варианты.", "number": 1, "test": 2}}, {"model": "testing.question", "pk": 6, "fields": {"question": "Самое большое животное на земле?", "number": 2, "test": 2}}, {"model": "testing.question", "pk": 7, "fields": {"question": "Самое быстрое животное на земле?", "number": 3, "test": 2}}, {"model": "testing.question", "pk": 8, "fields": {"question": "Самая большая змея?", "number": 4, "test": 2}}, {"model": "testing.question", "pk": 9, "fields": {"question": "Самое умное животное по оценке ученых?", "number": 5, "test": 2}}, {"model": "testing.question", "pk": 10, "fields": {"question": "Зимой и летом одним цветом?", "number": 1, "test": 3}}, {"model": "testing.question", "pk": 11, "fields": {"question": "Самые древние растения на земле?", "number": 2, "test": 3}}, {"model": "testing.question", "pk": 12, "fields": {"question": "Одноклеточная зеленая водоросль с двумя жгутиками", "number": 3, "test": 3}}, {"model": "testing.question", "pk": 13, "fields": {"question": "Клетки-споры выполняющие функцию расселения при бесполом размножении хламидомонады.", "number": 4, "test": 3}}, {"model": "testing.question", "pk": 14, "fields": {"question": "Группа живых организмов, произростающих на всех континентах у которых тело представлено слоевищем?", "number": 5, "test": 3}}, {"model": "testing.answer", "pk": 1, "fields": {"name": "Заяц", "correct": true, "question": 1}}, {"model": "testing.answer", "pk": 2, "fields": {"name": "Лиса", "correct": false, "question": 1}}, {"model": "testing.answer", "pk": 3, "fields": {"name": "Волк", "correct": false, "question": 1}}, {"model": "testing.answer", "pk": 4, "fields": {"name": "Заяц", "correct": false, "question": 2}}, {"model": "testing.answer", "pk": 5, "fields": {"name": "Лиса", "correct": false, "question": 2}}, {"model": "testing.answer", "pk": 6, "fields": {"name": "Медведь", "correct": true, "question": 2}}, {"model": "testing.answer", "pk": 7, "fields": {"name": "Заяц", "correct": false, "question": 3}}, {"model": "testing.answer", "pk": 8, "fields": {"name": "Лиса", "correct": false, "question": 3}}, {"model": "testing.answer", "pk": 9, "fields": {"name": "Волк", "correct": true, "question": 3}}, {"model": "testing.answer", "pk": 10, "fields": {"name": "Медведь", "correct": false, "question": 3}}, {"model": "testing.answer", "pk": 11, "fields": {"name": "Заяц", "correct": false, "question": 4}}, {"model": "testing.answer", "pk": 12, "fields": {"name": "Лиса", "correct": true, "question": 4}}, {"model": "testing.answer", "pk": 13, "fields": {"name": "Волк", "correct": false, "question": 4}}, {"model": "testing.answer", "pk": 14, "fields": {"name": "Медведь", "correct": false, "question": 4}}, {"model": "testing.answer", "pk": 15, "fields": {"name": "Бегемот", "correct": false, "question": 5}}, {"model": "testing.answer", "pk": 16, "fields": {"name": "Крокодил", "correct": true, "question": 5}}, {"model": "testing.answer", "pk": 17, "fields": {"name": "Кобра", "correct": true, "question": 5}}, {"model": "testing.answer", "pk": 18, "fields": {"name": "Тюлень", "correct": false, "question": 5}}, {"model": "testing.answer", "pk": 19, "fields": {"name": "Слон", "correct": false, "question": 6}}, {"model": "testing.answer", "pk": 20, "fields": {"name": "Кит", "correct": true, "question": 6}}, {"model": "testing.answer", "pk": 21, "fields": {"name": "Бегемот", "correct": false, "question": 6}}, {"model": "testing.answer", "pk": 22, "fields": {"name": "Леопард", "correct": false, "question": 7}}, {"model": "testing.answer", "pk": 23, "fields": {"name": "Гепард", "correct": true, "question": 7}}, {"model": "testing.answer", "pk": 24, "fields": {"name": "Тигр", "correct": false, "question": 7}}, {"model": "testing.answer", "pk": 25, "fields": {"name": "Кобра", "correct": false, "question": 8}}, {"model": "testing.answer", "pk": 26, "fields": {"name": "Гремучая змея", "correct": false, "question": 8}}, {"model": "testing.answer", "pk": 27, "fields": {"name": "Анаконда", "correct": true, "question": 8}}, {"model": "testing.answer", "pk": 28, "fields": {"name": "Кошка", "correct": false, "question": 9}}, {"model": "testing.answer", "pk": 29, "fields": {"name": "Собака", "correct": false, "question": 9}}, {"model": "testing.answer", "pk": 30, "fields": {"name": "Обезьяна", "correct": false, "question": 9}}, {"model": "testing.answer", "pk": 31, "fields": {"name": "Дельфин", "correct": true, "question": 9}}, {"model": "testing.answer", "pk": 32, "fields": {"name": "Елка", "correct": true, "question": 10}}, {"model": "testing.answer", "pk": 33, "fields": {"name": "Береза", "correct": false, "question": 10}}, {"model": "testing.answer", "pk": 34, "fields": {"name": "Дуб", "correct": false, "question": 10}}, {"model": "testing.answer", "pk": 35, "fields": {"name": "Мхи", "correct": false, "question": 11}}, {"model": "testing.answer", "pk": 36, "fields": {"name": "Водоросли", "correct": true, "question": 11}}, {"model": "testing.answer", "pk": 37, "fields": {"name": "Лишайники", "correct": false, "question": 11}}, {"model": "testing.answer", "pk": 38, "fields": {"name": "Хламидомонада", "correct": true, "question": 12}}, {"model": "testing.answer", "pk": 39, "fields": {"name": "Хлорелла", "correct": false, "question": 12}}, {"model": "testing.answer", "pk": 40, "fields": {"name": "Цианобактерия", "correct": false, "question": 12}}, {"model": "testing.answer", "pk": 41, "fields": {"name": "Зоошарик", "correct": false, "question": 13}}, {"model": "testing.answer", "pk": 42, "fields": {"name": "Зоосемя", "correct": false, "question": 13}}, {"model": "testing.answer", "pk": 43, "fields": {"name": "Зооспора", "correct": true, "question": 13}}, {"model": "testing.answer", "pk": 44, "fields": {"name": "Водоросли", "correct": false, "question": 14}}, {"model": "testing.answer", "pk": 45, "fields": {"name": "Лишайники", "correct": true, "question": 14}}, {"model": "testing.answer", "pk": 46, "fields": {"name": "Мхи", "correct": false, "question": 14}}]